[
  {
    "id": "d673498f-8316-4da2-a754-f31e648971ce",
    "data": [
      {
        "text": "opcoes Boasvindas ",
        "userDefined": false
      },
      {
        "text": "Dayvson Vinicius",
        "meta": "@sys.person",
        "alias": "nome",
        "userDefined": true
      },
      {
        "text": " . ",
        "userDefined": false
      },
      {
        "text": "Barber bot",
        "meta": "@sys.any",
        "alias": "barbearia",
        "userDefined": true
      }
    ],
    "isTemplate": false,
    "count": 0,
    "lang": "pt-br",
    "updated": 0
  }
]