[
  {
    "id": "0d3ba9e2-b0d1-4e4c-ae8f-4b27f0c9ae3c",
    "data": [
      {
        "text": "Bem",
        "userDefined": false
      },
      {
        "text": " vindo de volta ",
        "userDefined": false
      },
      {
        "text": "Só Deus Sabe",
        "meta": "@sys.person",
        "alias": "nome",
        "userDefined": true
      }
    ],
    "isTemplate": false,
    "count": 0,
    "lang": "pt-br",
    "updated": 0
  },
  {
    "id": "decc5e32-b326-4f75-b8dd-73d02f4d298e",
    "data": [
      {
        "text": "Bem",
        "userDefined": false
      },
      {
        "text": "-vindo de volta ",
        "userDefined": false
      },
      {
        "text": "Neguinho do Gera",
        "meta": "@sys.person",
        "alias": "nome",
        "userDefined": false
      }
    ],
    "isTemplate": false,
    "count": 0,
    "lang": "pt-br",
    "updated": 0
  },
  {
    "id": "13d4df63-2c85-4375-868b-be4414043664",
    "data": [
      {
        "text": "Bem",
        "userDefined": false
      },
      {
        "text": "-vindo de volta ",
        "userDefined": false
      },
      {
        "text": "nome sobrenome",
        "meta": "@sys.person",
        "alias": "nome",
        "userDefined": true
      }
    ],
    "isTemplate": false,
    "count": 0,
    "lang": "pt-br",
    "updated": 0
  },
  {
    "id": "eb7eda51-f2d8-4a71-8cac-96aa59c4caa8",
    "data": [
      {
        "text": "Bem",
        "userDefined": false
      },
      {
        "text": " vindo de volta ",
        "userDefined": false
      },
      {
        "text": "Amor oi",
        "meta": "@sys.person",
        "alias": "nome",
        "userDefined": false
      }
    ],
    "isTemplate": false,
    "count": 0,
    "lang": "pt-br",
    "updated": 0
  }
]