[
  {
    "id": "511e22a8-e7fd-49da-8869-40be673f8cb1",
    "data": [
      {
        "text": "Não, meu nome é ",
        "userDefined": false
      },
      {
        "text": "Helena Siva",
        "meta": "@sys.person",
        "alias": "nome",
        "userDefined": false
      }
    ],
    "isTemplate": false,
    "count": 0,
    "lang": "pt-br",
    "updated": 0
  },
  {
    "id": "93279dc4-93fb-4d90-a714-32d19ef533a3",
    "data": [
      {
        "text": "Não, mas pode me chamar de ",
        "userDefined": false
      },
      {
        "text": "Guguinha",
        "meta": "@sys.person",
        "alias": "nome",
        "userDefined": false
      }
    ],
    "isTemplate": false,
    "count": 0,
    "lang": "pt-br",
    "updated": 0
  },
  {
    "id": "a59a0a15-d019-467b-9537-423bb11c8541",
    "data": [
      {
        "text": "você pode me chamar de ",
        "userDefined": false
      },
      {
        "text": "Vitória gomes",
        "meta": "@sys.person",
        "alias": "nome",
        "userDefined": false
      }
    ],
    "isTemplate": false,
    "count": 0,
    "lang": "pt-br",
    "updated": 0
  },
  {
    "id": "cc620bd3-adaf-4174-9e84-92199bfc342a",
    "data": [
      {
        "text": "eu me chamo ",
        "userDefined": false
      },
      {
        "text": "lucas andrade",
        "meta": "@sys.person",
        "alias": "nome",
        "userDefined": false
      }
    ],
    "isTemplate": false,
    "count": 0,
    "lang": "pt-br",
    "updated": 0
  },
  {
    "id": "ab50f078-225c-442d-aad6-9cd1e629be8c",
    "data": [
      {
        "text": "meu nome é ",
        "userDefined": false
      },
      {
        "text": "lazaro",
        "meta": "@sys.person",
        "alias": "nome",
        "userDefined": false
      }
    ],
    "isTemplate": false,
    "count": 0,
    "lang": "pt-br",
    "updated": 0
  },
  {
    "id": "c70818cc-ceda-43bf-8aa8-534c8f575aa5",
    "data": [
      {
        "text": "não meu nome é ",
        "userDefined": false
      },
      {
        "text": "diogo",
        "meta": "@sys.person",
        "alias": "nome",
        "userDefined": false
      }
    ],
    "isTemplate": false,
    "count": 0,
    "lang": "pt-br",
    "updated": 0
  },
  {
    "id": "c9e17688-4094-41c8-aa67-1ccddbe0b646",
    "data": [
      {
        "text": "Não",
        "userDefined": false
      }
    ],
    "isTemplate": false,
    "count": 0,
    "lang": "pt-br",
    "updated": 0
  }
]