[
  {
    "id": "1add1d48-a278-4114-b1b1-9b5ddca0958a",
    "data": [
      {
        "text": "está sim",
        "userDefined": false
      }
    ],
    "isTemplate": false,
    "count": 0,
    "lang": "pt-br",
    "updated": 0
  },
  {
    "id": "b9749a4f-c95a-4298-b047-cce37c329be0",
    "data": [
      {
        "text": "correto",
        "userDefined": false
      }
    ],
    "isTemplate": false,
    "count": 0,
    "lang": "pt-br",
    "updated": 0
  },
  {
    "id": "5bfec53e-30fe-44d7-8856-4deb48de102e",
    "data": [
      {
        "text": "está correto",
        "userDefined": false
      }
    ],
    "isTemplate": false,
    "count": 0,
    "lang": "pt-br",
    "updated": 0
  },
  {
    "id": "9deec0c3-c469-4877-9f1b-901e88ae842f",
    "data": [
      {
        "text": "sim",
        "userDefined": false
      }
    ],
    "isTemplate": false,
    "count": 3,
    "lang": "pt-br",
    "updated": 0
  }
]