[
  {
    "id": "21c9572c-54fd-43e6-8b58-320f5d6b9d14",
    "data": [
      {
        "text": "Olá nome ",
        "userDefined": false
      },
      {
        "text": "Neguin do caxeta 22",
        "meta": "@sys.person",
        "alias": "nome",
        "userDefined": true
      },
      {
        "text": " barbearia ",
        "userDefined": false
      },
      {
        "text": "BarberShop Moskito Mago",
        "meta": "@sys.any",
        "alias": "barbearia",
        "userDefined": true
      }
    ],
    "isTemplate": false,
    "count": 0,
    "lang": "pt-br",
    "updated": 0
  },
  {
    "id": "7c9024d8-9049-42b8-acbd-ae7041684f4c",
    "data": [
      {
        "text": "Olá Nome ",
        "userDefined": false
      },
      {
        "text": "Victor Hugo",
        "meta": "@sys.person",
        "alias": "nome",
        "userDefined": true
      },
      {
        "text": " Barbearia ",
        "userDefined": false
      },
      {
        "text": "Golde Barber",
        "meta": "@sys.any",
        "alias": "barbearia",
        "userDefined": true
      }
    ],
    "isTemplate": false,
    "count": 0,
    "lang": "pt-br",
    "updated": 0
  },
  {
    "id": "ff9fd39a-1e18-4aa9-b09d-66e2a8289cf5",
    "data": [
      {
        "text": "Olá",
        "userDefined": false
      },
      {
        "text": " Nome ",
        "userDefined": false
      },
      {
        "text": "João",
        "meta": "@sys.person",
        "alias": "nome",
        "userDefined": true
      },
      {
        "text": " ",
        "userDefined": false
      },
      {
        "text": "Barbearia",
        "userDefined": false
      },
      {
        "text": " ",
        "userDefined": false
      },
      {
        "text": "Barber",
        "meta": "@sys.any",
        "alias": "barbearia",
        "userDefined": false
      }
    ],
    "isTemplate": false,
    "count": 0,
    "lang": "pt-br",
    "updated": 0
  },
  {
    "id": "11d7c1cb-5d2e-4128-beb3-e83e79b337d5",
    "data": [
      {
        "text": "NovoCliente",
        "userDefined": true
      },
      {
        "text": " Nome ",
        "userDefined": false
      },
      {
        "text": "Maria",
        "meta": "@sys.person",
        "alias": "nome",
        "userDefined": false
      },
      {
        "text": " Barbearia ",
        "userDefined": false
      },
      {
        "text": "Barber",
        "meta": "@sys.any",
        "alias": "barbearia",
        "userDefined": true
      }
    ],
    "isTemplate": false,
    "count": 0,
    "lang": "pt-br",
    "updated": 0
  }
]